filename,label
AQUA5_60898_checkin_2020-10-27-9-56nBn7hHrGdr.jpg,30F60898
AQUA1_43502_checkin_2020-10-23-8-52NVGEHEXUkc.jpg,30E43502
AQUA5_34441_checkin_2020-10-26-20-53apLs7KQAX1.jpg,30E34441
AQUA4_20664_checkin_2020-10-29-15-33ncT9bTy65C.jpg,89A20664
AQUA7_53279_checkin_2020-10-24-9-54e_ZSATReih.jpg,30G53279
AQUA2_05684_checkin_2020-11-1-15-24S9e2ulrvsu.jpg,30A05684
AQUA2_94303_checkin_2020-10-29-14-43PZ65J83E52.jpg,51G94303
AQUA4_07227_checkin_2020-10-30-10-59f37836kaz0.jpg,30F07227
AQUA7_35919_checkin_2020-10-30-16-50d4dflngc7b.jpg,30A35919
AQUA5_62639_checkin_2020-10-28-15-5905S1L36jgu.jpg,30A62539
AQUA7_30599_checkin_2020-11-1-10-56iv__6NRjmI.jpg,88A30598
AQUA2_60432_checkin_2020-10-26-8-50r9UZ2a91Ms.jpg,29A60432
AQUA2_08929_checkin_2020-10-29-9-90TML5E2G7K.jpg,99A08929
AQUA5_95205_checkin_2020-11-2-15-46KEbvLuYDzq.jpg,30A95205
AQUA4__checkout_2020-10-27-10-41QjUEmHhXqf.jpg,29A05080
AQUA2_32802_checkin_2020-10-27-13-49Cg1BbnuBBk.jpg,98A32802
AQUA2_00084_checkin_2020-10-26-10-0MoJoBpGu0I.jpg,29A00084
AQUA2_09054_checkin_2020-10-25-8-53izAIVIxu4w.jpg,90A09054
AQUA5_66625_checkin_2020-10-30-10-8FTZiFXWf5h.jpg,29C66625
AQUA7_38452_checkin_2020-10-24-9-47Xra7VvXe1Q.jpg,29H38452
AQUA2_56048_checkin_2020-11-1-9-36k31kh6FTMh.jpg,29A56048
AQUA5__checkout_2020-11-1-23-39UKDi0oUUl0.jpg,30F35939
AQUA5_9566_checkin_2020-10-23-9-44jXLRScmjjt.jpg,29D09566
AQUA7_51271_checkin_2020-10-27-19-556NV5OjW8uw.jpg,30F51271
AQUA5_4253_checkin_2020-10-23-9-25vsbu2pgGgK.jpg,30M4253
AQUA7_47926_checkin_2020-10-29-10-3ToiFjETDFW.jpg,30G47926
AQUA7_33833_checkin_2020-10-22-16-112qm0mvTgrr.jpg,30A33833
AQUA2_4703_checkin_2020-11-2-10-60zshWBfANS.jpg,30M4703
AQUA5_61035_checkin_2020-10-27-11-54cv1nliRMcA.jpg,30E61035
AQUA4_07758_checkin_2020-10-25-15-492__ER4WdF_.jpg,89A07758
AQUA2_0009_checkin_2020-10-29-9-1NqN17YSGrR.jpg,56S0009
AQUA5_09566_checkin_2020-10-23-17-14LKq0RI2Rbg.jpg,29D09566
AQUA4_48917_checkin_2020-10-26-17-38r3lWin91ka.jpg,30G48917
AQUA4_50833_checkin_2020-11-1-9-14TFNq6mEEjZ.jpg,30F50833
AQUA5_10429_checkin_2020-11-2-9-50KMGtRp2AE_.jpg,89A10429
AQUA5_55655_checkin_2020-10-31-21-50aqfSUcNA1c.jpg,30G55655
AQUA5_35939_checkin_2020-11-1-23-26Z_clRGAOlb.jpg,30F35939
AQUA4__checkout_2020-10-25-15-29kBDfNG4DtL.jpg,30F03523
AQUA4_67941_checkin_2020-10-31-10-19vpIQ89F6ri.jpg,30F67941
AQUA2__checkout_2020-11-2-16-13brS2iCuWAl.jpg,89A06932
AQUA5_71179_checkin_2020-10-26-8-49fzDulJJKPa.jpg,30A71179
AQUA2_89C13497_checkin_2020-11-2-12-560PztB3SmTP.jpg,89C13497
AQUA7_51624_checkin_2020-11-1-15-9q58rAJpN6r.jpg,30G51624
AQUA4_185177_checkin_2020-10-31-9-23Pdr1ab0Lml.jpg,89A18577
AQUA4_32598_checkin_2020-10-26-7-33Ll6zJ8UTMO.jpg,30F32598
AQUA5_07555_checkin_2020-10-25-19-41_LtOgiuoTA.jpg,30F07555
AQUA7_07379_checkin_2020-10-24-9-55zAjokZVI3Z.jpg,89A07379
AQUA7_68500_checkout_2020-10-27-9-5i_bcxs0boz.jpg,30E68500
AQUA4_17888_checkin_2020-11-2-10-54n7rkYMs7cD.jpg,89A17888
AQUA5_41231_checkin_2020-10-27-16-1OZ4FweNLsA.jpg,30E41231
AQUA4_15695_checkin_2020-10-30-17-39YEFYrhzCKd.jpg,30F15695
AQUA5_89A20061_checkin_2020-10-19-14-488QmDTMfuV7.jpg,89A20061
AQUA5_05779_checkin_2020-11-2-9-18ye3CH8BYgV.jpg,30F05779
AQUA7_51624_checkin_2020-11-1-9-21B5RmLxA6l3.jpg,30G51624
AQUA7_48226_checkin_2020-10-31-12-55MJOj9u23wZ.jpg,30E48226
AQUA7_51624_checkin_2020-11-1-9-22a4enV9IJBx.jpg,30G51624
AQUA2_52186_checkin_2020-10-25-8-513BUCwYO7uk.jpg,30A52186
AQUA7_51443_checkoutex_2020-10-22-9-48a3Jfs9hifV.jpg,30F51443
AQUA2_Y0426_checkin_2020-10-26-15-52iHucXh8UV.jpg,30S0426
AQUA4_32802_checkin_2020-10-22-8-13n2YN0NFPct.jpg,98A32802
AQUA4_21596_checkin_2020-10-26-15-18rl5M3jVBdB.jpg,29D21596
AQUA1_71554_checkin_2020-10-23-10-25Eczzz4NzBd.jpg,30F71554
AQUA5_77854_checkin_2020-10-29-21-47v4jXNPXme5.jpg,30F77854
AQUA5_06737_checkin_2020-10-27-20-55MzJsxZCL7u.jpg,29H06737
AEONTP_56P6961_checkin_2020-1-13-16-18chzYQvblhX.jpg,56P6961
AQUA2_05685_checkin_2020-10-26-15-30McH71I1WZz.jpg,29D05685
AQUA7_80377_checkin_2020-10-30-19-32kOAinTr9Go.jpg,30E80377
AQUA7_23016_checkin_2020-11-1-13-49RsuyCsC0ci.jpg,88A23016
AQUA7__checkout_2020-11-2-16-59d11weiJHVB.jpg,26A08211
AQUA2_21740_checkin_2020-11-1-15-56DxHKwQn80a.jpg,89A21740
AQUA2_30E32686_checkin_2020-10-31-8-2pConCtLIjI.jpg,30E32586
AQUA7_88459_checkin_2020-11-1-13-240yObiNh7kA.jpg,30A88459
AQUA5_25885_checkin_2020-10-30-9-16PMcpDuHuR0.jpg,29A25885
AQUA5_19752_checkin_2020-10-31-19-31uc5bIVkBvL.jpg,30A19752
AQUA2_45676_checkin_2020-11-1-13-17YzNqOAukp.jpg,30E45676
AQUA7_07379_checkin_2020-10-19-9-51kAQpppKeuE.jpg,89A07379
AQUA2_5204_checkout_2020-10-23-9-54t1AVKaVmuZ.jpg,30F5204
AQUA5_31825_checkoutex_2020-10-25-7-33EfvITqSnU3.jpg,34A31825
AQUA5_00082_checkin_2020-11-2-17-22WNUwb21yf4.jpg,24D00082
AQUA4_70192_checkin_2020-10-25-16-6xgDdYy5t60.jpg,30F70192
AQUA2_61239_checkin_2020-10-31-12-14jEuvttYNWK.jpg,30G61239
AQUA4_03523_checkin_2020-10-25-15-12ulXbmqjH2w.jpg,30F03523
AQUA7_09132_checkin_2020-10-22-8-12wa5D7Fzvor.jpg,30G09132
AQUA7_null_checkout_2020-10-19-9-510RiK3jp3Z6.jpg,89A07379
AQUA4_72929_checkin_2020-10-30-15-5333er92waDI.jpg,30F72929
AQUA7_56330_checkin_2020-10-27-10-253UBQywQkj.jpg,30F56330
AQUA2_37986_checkin_2020-10-29-16-50XtY9BGKZIN.jpg,30G37986
AQUA4_19185_checkin_2020-10-28-12-583ReYE7alsM.jpg,30G-19185
AQUA7_63829_checkin_2020-10-30-8-367BhOw0mNiB.jpg,30A63839
AQUA7_12388_checkin_2020-10-27-8-272NtIPLnjAh.jpg,89A12388
AQUA2_32726_checkin_2020-10-26-10-30ZFjEJky5jP.jpg,19A32726
AQUA5_18766_checkin_2020-10-27-16-549rflwaqtUP.jpg,99A18766
AQUA2_04926_checkin_2020-10-30-11-162zkpEK7l3M.jpg,30A04926
AQUA4_25649_checkin_2020-11-1-15-2p2bDZJsOXd.jpg,36A25649
AQUA5_22443_checkin_2020-11-1-11-15oXXet4vLN3.jpg,29A22443
AQUA4_82506_checkin_2020-10-24-7-53nN8XkyyBzh.jpg,29C82506
AQUA7_77379_checkin_2020-10-26-21-18VRYzNLn6P0.jpg,30E77379
AQUA2_6511_checkin_2020-10-19-9-45dcrsKsOHZ7.jpg,29A46511
AQUA4_08531_checkin_2020-10-29-11-11aqW4okvzFI.jpg,21A08531
AQUA5_48226_checkin_2020-10-27-16-35QHOitNuFg6.jpg,30E48226
AQUA5_73850_checkin_2020-11-1-18-43S_PGlCBdTU.jpg,30A73850
AQUA5_23871_checkin_2020-11-1-19-38VPZ4dCGuMX.jpg,30E23871
AQUA5_16871_checkin_2020-11-1-9-518mbUNzhe4Z.jpg,15A16871
AQUA5_70179_checkin_2020-11-2-17-42PAqsQqyHcE.jpg,30F70179
AQUA7_52753_checkin_2020-10-28-10-9fu8IL3ZSVk.jpg,30G52753
AQUA4_77397_checkin_2020-10-23-8-46fibjWWxkXU.jpg,29A77397
AQUA5_1910_checkout_2020-10-24-7-18Bi3AxskL5p.jpg,29V1910
AQUA4_71578_checkin_2020-10-22-7-544Vi6Pf0JBJ.jpg,30F71578
AQUA4_02042_checkin_2020-10-22-8-7uNaClCzy0w.jpg,29H02042
AQUA7_32955_checkin_2020-10-31-8-27CpmWxLuEjR.jpg,30G32955
AQUA2_90546_checkin_2020-10-26-17-35MvcZDYf5bs.jpg,30A90546
AQUA5_39509_checkin_2020-10-29-11-14NB1YlqefBk.jpg,30G39509
AQUA5_25885_checkin_2020-11-1-9-48KuQo5nuU6W.jpg,29A25885
AQUA5_47036_checkin_2020-11-1-11-52IjLQvESPYd.jpg,30G47036
AQUA2_25885_checkin_2020-10-27-8-13UyoZCiZ88E.jpg,29A25885
AQUA5_09566_checkin_2020-10-22-8-40ha5sQphIlE.jpg,29D09566
AQUA5_37277_checkin_2020-10-30-21-22GB1jiz5Bx0.jpg,29A37277
AQUA5_66073_checkin_2020-10-28-10-52nlG92HlftK.jpg,29C66073
AQUA4_26144_checkin_2020-10-23-17-31b0GmDfCsj.jpg,30A26144
AQUA2_50483_checkin_2020-10-28-18-193H0q6KEtIM.jpg,30F50483
AQUA5_1910_checkin_2020-10-24-7-17fmj6lM80zt.jpg,29V1910
AQUA4_1866_checkin_2020-10-27-17-41xcpMJxftU0.jpg,19N1866
AQUA2_65847_checkin_2020-11-2-16-32w6JgmWCuwI.jpg,30F65847
AQUA2_65227_checkin_2020-11-1-14-26uFngokja4G.jpg,29C65227
AQUA7_15606_checkin_2020-10-24-14-3qLrUfWkKih.jpg,29H15606
AQUA4_08531_checkin_2020-10-29-11-11OVPKU35mdT.jpg,21A08531
AQUA2_68005_checkin_2020-10-27-9-2dGOG2MU71J.jpg,29A68005
AQUA5_09566_checkin_2020-10-22-8-3248D3RddlKa.jpg,29D09566
AQUA7_25697_checkin_2020-11-2-13-29709CDtWwUA.jpg,30F25697
AQUA5_09730_checkin_2020-10-26-20-41PKb3lrOwTS.jpg,89A09730
AQUA5_25495_checkin_2020-10-29-10-28GrlseiGk8L.jpg,30G25495
AQUA5_00567_checkin_2020-11-2-10-33zfrAPN14LL.jpg,30G00567
AQUA2_09566_checkin_2020-10-22-11-117MCLoAqWXU.jpg,29D09566
AQUA4_11111_checkin_2020-10-31-12-22UPzJSCQUDs.jpg,30A11111
AQUA7_60986_checkin_2020-10-24-9-53oJ4ToE8ioP.jpg,29A60986
AQUA2_18036_checkin_2020-10-31-12-13Fnca5nBH2o.jpg,30A18036
AQUA2_5204_checkin_2020-10-23-9-46biT_3FLPTa.jpg,30F5204
AQUA2_09566_checkin_2020-10-22-10-45NGiXXm1L2u.jpg,29D09566
AQUA5_34422_checkin_2020-10-31-12-56Urif7llcZ1.jpg,30E34422
AQUA4_69919_checkin_2020-10-22-13-297k4G8QsxTv.jpg,30A69919
AQUA7_00757_checkin_2020-10-24-11-17Atnc4KwBmW.jpg,88LD00757
AQUA2_20449_checkin_2020-10-30-16-9aLXtrwuniF.jpg,30F20449
AQUA7_09290_checkin_2020-11-2-16-25ajYUxsO3i8.jpg,14A09290
AQUA4_90F77294_checkin_2020-10-26-11-12YApuXMZvoW.jpg,30F77294
AQUA4_71103_checkin_2020-10-30-16-49fmhlrXzwPK.jpg,30A71103
AQUA2_45865_checkin_2020-10-25-8-54YhfLsjWUrl.jpg,30F45865
AQUA7_47662_checkout_2020-10-28-6-37tIkalt3_W_.jpg,30E47662
AQUA7__checkout_2020-10-31-8-2043dwdktLyf.jpg,30A97571
AQUA2_5411_checkin_2020-10-28-10-63UcWPkfm6v.jpg,29U5411
AQUA7_00010_checkin_2020-10-28-9-317kWpLwq1zZ.jpg,29E00010
AQUA1_33928_checkin_2020-10-23-8-46Pi5S8mEXah.jpg,29A33928
AQUA5_36A04104_checkin_2020-10-26-7-34F4CZFP1I_q.jpg,36A04104
AQUA4_null_checkoutex_2020-10-25-14-33QaWriceEuX.jpg,30A92957
AQUA4_71103_checkin_2020-10-29-15-18Hiktgyiiem.jpg,30A71103
AQUA4__checkout_2020-10-25-15-52zbrgUHjLwX.jpg,29A04999
AQUA2_69436_checkin_2020-10-25-8-537iYzxpaWAE.jpg,30E69436
AQUA1_49502_checkin_2020-10-23-7-53p0QWmANSgh.jpg,30E43502
AQUA2_92619_checkin_2020-10-31-13-23hSN5DqjmLg.jpg,30F92619
AQUA2_93644_checkin_2020-10-25-8-51FxLc8_eJgX.jpg,30F92644
AQUA7_65169_checkin_2020-10-26-10-44KVGU5eWgTQ.jpg,29A65169
AQUA5_39361_checkin_2020-10-31-22-19ISeG2scKUJ.jpg,30F39361
AQUA7_99015_checkout_2020-11-1-12-40wCC0WrGVMz.jpg,30F54745
AQUA4__checkout_2020-10-24-8-224Wr7Pykw4Z.jpg,89A15530
AQUA2_09566_checkin_2020-10-25-8-462Qk2ihk4Xw.jpg,29D09566
AQUA2_15963_checkin_2020-10-29-13-37GREY6pfDeU.jpg,29A15963
AQUA5_97363_checkin_2020-10-29-14-536Gn4ZAls5N.jpg,51C97363
AQUA7_08877_checkin_2020-10-24-10-462Mpgdeob4A.jpg,89A08877
AQUA7_88013_checkin_2020-10-22-8-33V3a8B55XY1.jpg,30F88013
AQUA2_5204_checkout_2020-10-23-9-57HyxGJIMyGO.jpg,30F5204
AQUA5__checkout_2020-11-2-11-40du0Vl5kGif.jpg,29D08722
AQUA7_54745_checkin_2020-11-1-12-34j1_H2wpFwC.jpg,30F54745
AQUA7_1040_checkin_2020-11-1-12-25ounWCIpsam.jpg,30Z1040
AQUA4_03523_checkin_2020-10-25-15-29vGvhUPuMa0.jpg,30F03523
AQUA2_92645_checkin_2020-10-24-9-4wuaOCV2CFL.jpg,30A92645
AQUA7_NULL_checkin_2020-10-19-10-3VNDtBDGikR.jpg,89A20061
AQUA4_5724_checkin_2020-11-2-15-41QZKCPVaORZ.jpg,31F5724
AQUA4_71578_checkin_2020-10-22-7-56itX_TPVjAV.jpg,71578
AQUA4__checkout_2020-10-25-16-7QoqWO7drgU.jpg,30F70192
AQUA4_36257_checkin_2020-10-29-18-98rdxnnEnIU.jpg,29A36257
AQUA7_60947_checkin_2020-10-29-11-15I5EXDUFjtm.jpg,30F60947
AQUA2_79330_checkin_2020-10-31-14-217vJBYg0EAZ.jpg,30A79330
AQUA7_56330_checkin_2020-10-27-10-3rOrL9kCInD.jpg,30F56330
AQUA7_51624_checkin_2020-11-1-9-22WtIiSWygOu.jpg,30G51624
AQUA2_33744_checkin_2020-10-26-14-8Yj73zqMEF7.jpg,88A33744
AQUA5_79209_checkin_2020-10-26-17-5Um3eMKmzr1.jpg,30A79209
AQUA2_78340_checkin_2020-10-31-10-36wxj5VPTLef.jpg,30A78340
AQUA4_03038_checkin_2020-10-31-11-17Met0ZZ7rpX.jpg,20A03038
AQUA7_99279_checkin_2020-10-26-10-23NGKYLETE6t.jpg,30A99279
AQUA7_30G27838_checkin_2020-10-26-16-155ZHtVdEwjY.jpg,30G27838
AQUA5_06669_checkin_2020-10-31-10-54bfogQwo9_W.jpg,29A06669
AQUA7_19909_checkin_2020-10-29-0-20XbQxBkO41n.jpg,30G19909
AQUA7_36336_checkin_2020-11-1-14-7UhMszkJjZ1.jpg,30G36336
AQUA2_89A09096_checkin_2020-11-2-9-39mU4svUyL5c.jpg,89A09096
AQUA7_77379_checkin_2020-11-2-17-21TJJedrlTtq.jpg,30E77379
AQUA2_15970_checkin_2020-10-26-10-22wioS4fck1P.jpg,30G15970
AQUA5_71980_checkin_2020-11-2-11-10uFSfA4MzZ3.jpg,30A71980
AQUA7_51272_checkout_2020-10-26-7-41yhNdKjYjs3.jpg,30F51272
AQUA5_20701_checkin_2020-10-31-11-22bm8Yo_v_0w.jpg,30E20701
AQUA7_35851_checkin_2020-10-31-9-1ZqZxyxA1bU.jpg,34A35851
AQUA4_07394_checkin_2020-10-26-8-30B5LKYu4iE5.jpg,89A07394
AQUA7_60168_checkin_2020-11-1-15-15mKbBDW8WRQ.jpg,30A60168
AQUA5_99948_checkin_2020-10-28-21-5Iz6s3xLR1s.jpg,30A99948
AQUA7_08211_checkin_2020-11-2-16-58aSh8Ndxp3A.jpg,26A08211
AQUA2_94515_checkin_2020-10-30-15-31IY8KJEGP4C.jpg,30E94515
AQUA7_7L725Y_checkin_2020-10-23-14-39kOLEd7f1Ct.jpg,83A07379
AQUA2_13497_checkoutex_2020-11-2-12-59lIR9OTjeVO.jpg,89C13497
AQUA7_1452_checkin_2020-10-24-9-54dmd4dgaIHg.jpg,29Z1452
AQUA7_77159_checkin_2020-11-1-12-48QgYhuroAvL.jpg,30F77159
AQUA5_41159_checkin_2020-11-1-15-574L18ec6gfy.jpg,30G41159
AQUA4_50833_checkin_2020-10-31-16-390dAkta7eRm.jpg,30F50833
AQUA2_20E14A99_checkin_2020-11-2-7-47vlcTbUNO_t.jpg,30E14499
AQUA2_26144_checkin_2020-10-28-8-161KfWJBeCDS.jpg,30A26144
AQUA5_57331_checkin_2020-10-26-10-13n2Cy41Fd85.jpg,30F57331
AQUA5_4253_checkout_2020-10-19-10-10szjjkCJcjI.jpg,30M4253
AQUA2_35899_checkin_2020-10-31-16-49VIp06Wk1g2.jpg,34A35899
AQUA7_51443_checkin_2020-10-22-9-475eZ5luTcTp.jpg,30F51443
AQUA5_91209_checkin_2020-10-31-21-29aDwV9lbe8i.jpg,29A91209
AQUA5_43342_checkin_2020-10-26-19-46due_GoZUzH.jpg,30G43342
AQUA7_33833_checkout_2020-10-22-16-12IobCBRbokv.jpg,30A33833
AQUA5_22443_checkin_2020-10-31-16-8ZjOQ1q90Sl.jpg,29A22443
AQUA5_19752_checkin_2020-10-26-7-49R7ZOQqXOZi.jpg,30E19752
AQUA5_00635_checkin_2020-11-1-17-3148ZtOahbe.jpg,15A00635
AQUA5_19068_checkin_2020-10-31-16-45rGTuapLwn2.jpg,14A19068
AQUA4_03523_checkoutex_2020-10-25-15-2684I4NRektd.jpg,30F03523
AQUA5_96596_checkin_2020-10-30-15-39MzSosJf0LR.jpg,15A06596
AQUA2_60431_checkoutex_2020-10-26-18-138YqSqzCoss.jpg,30A90546
AQUA5__checkout_2020-11-1-19-48Svg1sgw0x9.jpg,30E38721
AQUA5_06737_checkin_2020-10-26-23-909eOf9Nv7b.jpg,29H06737
AQUA7_46748_checkin_2020-10-27-16-46XTu5K3Oqn8.jpg,29C46748
AQUA7_33928_checkin_2020-10-27-19-29wBsH5fQLq6.jpg,29A33928
AQUA2_0009_checkin_2020-10-29-15-4239Xitox8VR.jpg,56S0009
AQUA2_07826_checkin_2020-10-27-15-130u1VLLHmkp.jpg,18A07826
AQUA5_1910_checkout_2020-10-23-17-20PH5NPt6tFx.jpg,29V1910
AQUA2_89685_checkin_2020-10-30-8-43YvsE8NyF4o.jpg,30A89685
AQUA5__checkout_2020-10-31-21-16CWhwGDpPsC.jpg,30E50692
AQUA7_09290_checkin_2020-10-26-22-32auNPMYzMxP.jpg,14A09290
AQUA2_07718_checkin_2020-10-26-8-41Ix7h52swuU.jpg,90A07718
AQUA7_25697_checkin_2020-11-2-13-282GH6XPo0mL.jpg,30F25697
AQUA2_20449_checkoutex_2020-10-30-16-10uF9O9vXoMl.jpg,30F20449
AQUA5_1910_checkout_2020-10-24-7-18tVeW4FJn7Q.jpg,29V1910
AQUA5_1910_checkoutex_2020-10-24-7-24ZYMBOtdpLj.jpg,29V1910
AQUA5_09566_checkout_2020-10-22-8-349mgsOsF2mq.jpg,29D09566
AQUA2_95394_checkin_2020-10-31-11-2uFpYxFnvy_.jpg,29A95394
AQUA2_93815_checkin_2020-10-31-9-2zNBJ9yx8XZ.jpg,30E93815
AQUA5_09566_checkin_2020-10-22-8-18mr16q4sxtm.jpg,29D09566
AQUA2_77998_checkin_2020-10-28-8-29mNO_N2GaTr.jpg,29A77998
AQUA5_17831_checkin_2020-10-29-8-23wgal1ly80i.jpg,30A17831
AQUA2_32245_checkin_2020-10-29-8-54Oa9hI8MHBr.jpg,30F32245
AQUA7_54093_checkout_2020-10-28-16-3nd7KwlWLhH.jpg,
AQUA5_27580_checkin_2020-10-22-8-9MNif9D5uPU.jpg,30F27580
AQUA7_80744_checkin_2020-10-31-8-34Ml3PuWvVYJ.jpg,30A80744
AQUA7_79515_checkin_2020-10-26-9-36XbNR2kfWhb.jpg,30F79515
AQUA1_86034_checkin_2020-10-23-8-18Fz6zs0eJJT.jpg,30F86034
AQUA7_12327_checkin_2020-10-30-8-42nGbznL7VE0.jpg,89A12327
AQUA7_021A1_checkout_2020-10-22-8-46fCo6YF9smD.jpg,30E02141
AQUA4_42050_checkin_2020-10-29-7-525zR8UiKb0j.jpg,29A42050
AQUA5_75531_checkin_2020-10-28-20-42Hl2vElWQML.jpg,30E75531
AQUA2_29750_checkin_2020-10-25-8-49EWDBSzEldx.jpg,30G29750
AQUA7_null_checkoutex_2020-10-24-11-5lN2Dkkywfh.jpg,30G53279
AQUA1_68251_checkin_2020-10-23-9-38zxToTe0QmX.jpg,30A68251
AQUA7_44039_checkin_2020-10-24-8-250IlwSspN4f.jpg,29A44039
AQUA4_76121_checkin_2020-11-1-9-1761rVrd8KMv.jpg,30A76121
AQUA2_13780_checkin_2020-10-28-16-13H0Rj0va7NE.jpg,89A13780
AQUA1_60225_checkin_2020-10-26-9-32S7vPENqaNd.jpg,29A60225
AQUA2__checkout_2020-11-2-7-22iITx6tjYB3.jpg,30A04180
AQUA2_06932_checkin_2020-11-2-16-3EuXNUXG7rj.jpg,89A06932
AQUA7_null_checkoutex_2020-10-19-9-54p8E5SGkFNA.jpg,89A07379
AQUA7_40304_checkin_2020-10-25-12-31ttRM9Dny7e.jpg,30G40304
AQUA2_63563_checkin_2020-10-23-15-48hO1W_9OLoW.jpg,30E63563
AQUA4_20388_checkin_2020-10-30-18-6Lp7OpJkuYv.jpg,30A20388
AQUA1__checkout_2020-10-25-12-27hDvJVvhkk.jpg,30G40304
AQUA5_29441_checkin_2020-10-27-15-17zWvJ4ezOeH.jpg,29A29441
AQUA7_NULL_checkin_2020-11-1-15-93yek_xsMxg.jpg,30G51624
AQUA5_73587_checkin_2020-10-29-20-5YLqGCUjzb7.jpg,29C73587
AQUA5_50207_checkin_2020-10-31-18-15D_JNhM0Fow.jpg,30E50207
AQUA7_2471_checkin_2020-11-1-14-29IlTqJrBEKk.jpg,29T2471
AQUA2_42945_checkin_2020-10-31-11-49Grrdrxsi7U.jpg,29A42945
AQUA5_90540_checkin_2020-10-29-13-23QUKfWKC8UH.jpg,30F90540
AQUA4_36509_checkin_2020-10-24-7-56uEr6N8a8ig.jpg,51H36509
AQUA7_3763_checkin_2020-10-24-10-44jqXHCf34mx.jpg,29D3763
AQUA4_26A01418_checkin_2020-10-22-9-5TQGUsndlp8.jpg,36A01418
AQUA2_52374_checkin_2020-10-27-8-59xySt7LwG0f.jpg,30E52374
AQUA7_44580_checkout_2020-11-1-16-57qjrBuHr7_M.jpg,30F44580
AQUA2_06534_checkin_2020-10-25-8-51QwZAncRDqr.jpg,30G06534
AQUA4_42050_checkin_2020-10-29-14-8BggWgWGjMm.jpg,29A42050
AQUA7_51624_checkout_2020-11-1-15-11lZrB3I7eCU.jpg,30G51624
AQUA5_25885_checkin_2020-10-28-18-272t2dyIxEwp.jpg,29A25885
AQUA4__checkout_2020-10-25-15-30RDy23LXAKw.jpg,30F03523
AQUA5_87180_checkin_2020-10-30-15-58N3sfjeGTfp.jpg,29A87180
AQUA4_35392_checkin_2020-11-1-13-0439N1SY4VT.jpg,30G35392
AQUA7_10432_checkout_2020-10-26-14-2yTRRF_9LWt.jpg,99A10432
AQUA2_13497_checkin_2020-11-2-12-50JLLJx1nW9R.jpg,89C13497
AQUA7_2471_checkin_2020-11-1-14-31ly5ebCArgA.jpg,29T2471
AQUA4_15530_checkin_2020-10-25-14-55rJEF9ePMB6.jpg,89A15530
AQUA5_21762_checkin_2020-10-28-16-54tmj8Z1upTV.jpg,89A21762
AQUA7_02141_checkin_2020-10-27-7-43vG0CKfYvvf.jpg,30E02141
AQUA2_23451_checkin_2020-10-29-16-141RBWkUPXZz.jpg,30A23451
AQUA7_60863_checkin_2020-10-31-7-56FG9iiBZhOv.jpg,30E60863
AQUA7_16938_checkin_2020-11-1-13-18OXF3kZdOdN.jpg,15A16938
AQUA7_51495_checkin_2020-10-26-11-51Ot57KwfEoY.jpg,30F51695
AQUA7_65169_checkout_2020-10-26-10-50uf0q3cMkeW.jpg,29A65169
AQUA5_41231_checkin_2020-10-27-16-2TvSJcRKrwZ.jpg,30E41231
AQUA1_25697_checkin_2020-10-23-8-17cJpC9WhKCt.jpg,30F25697
AQUA7_44167_checkin_2020-10-27-19-36UtRmbules6.jpg,30G44167
AQUA4_13017_checkin_2020-10-27-12-42Sdx4Tz0sO2.jpg,30F10317
AQUA2_86044_checkin_2020-10-28-16-51OVjs42oqUz.jpg,30E86044
AQUA4_26449_checkin_2020-11-2-10-224Od1rrvTBS.jpg,30F26449
AQUA7_74323_checkin_2020-11-1-9-133RsuFtqPM2.jpg,30E74323
AQUA5_45081_checkin_2020-11-1-12-7rns2YHFB2d.jpg,30F45081
AQUA7_82771_checkin_2020-11-1-7-42qzNT0orBVD.jpg,30A82771
AQUA2_20449_checkin_2020-10-30-16-10k0lW5zaiRw.jpg,30F20449
AQUA5_97061_checkin_2020-10-27-14-59UILIhNbkRm.jpg,30A97061
AQUA7_11297_checkin_2020-10-30-16-47KoQgwjfJTd.jpg,89A11297
AQUA7_60513_checkout_2020-10-27-6-21g23QIg6Vwv.jpg,29A60513
AQUA2_37213_checkin_2020-10-26-7-16EyKRT_GdMr.jpg,30G37213
AQUA5_36127_checkin_2020-10-31-13-342uYUzWqJrA.jpg,30F36127
AEONTP_51F86947_checkin_2020-1-13-16-15sUVxP1Ihlt.jpg,51F86947
AQUA7_65946_checkin_2020-10-29-13-2rqJewLiUMW.jpg,30F65946
AQUA4_08079_checkin_2020-10-27-12-27ESb6KN6Szi.jpg,88A08079
AQUA2_5204_checkin_2020-10-23-9-44lJKC6VytmA.jpg,30F5204
AQUA5_58236_checkin_2020-10-27-9-23Tj8ADxwL7j.jpg,30G58236
AQUA5_4253_checkin_2020-10-19-10-18YRwbwI65ov.jpg,30M4253
AQUA7_06973_checkin_2020-10-27-12-20lnJbl4tu4T.jpg,30F06973
AQUA7_74491_checkin_2020-10-26-15-28oGmxza_Fmn.jpg,30A74491
AQUA7_07379_checkin_2020-10-24-11-18brEjgtOrWO.jpg,89A07379
AQUA4_21510_checkin_2020-10-30-17-15CAkuzVboaU.jpg,30F21510
AQUA2__checkout_2020-10-26-7-51j9G2XHYAds.jpg,30F97025
AQUA4_01418_checkoutex_2020-10-23-8-42EJ1VkjYWIr.jpg,36A01418
AQUA7_72928_checkin_2020-11-1-11-34XrIdsA7SR.jpg,30F72928
AQUA2_58373_checkin_2020-10-29-9-48eT1I4OVstC.jpg,30A58373
AQUA5_09566_checkout_2020-10-22-11-72M6un7c40O.jpg,29D09566
AQUA5_03523_checkin_2020-10-25-12-496emHYWA5tH.jpg,30F03523
AQUA7_60434_checkin_2020-10-25-19-49UF3ickwd3s.jpg,30A060434
AQUA2__checkout_2020-10-26-9-48i6LBAGc_oz.jpg,30G46885
AQUA7_66626_checkin_2020-11-1-11-19ipxCJRTEcI.jpg,29C66626
AQUA4_07227_checkin_2020-10-30-10-591KEMBV603q.jpg,30F07227
AQUA4_02042_checkin_2020-10-22-8-8wlC0iiPXVw.jpg,29H02042
AQUA7_63839_checkin_2020-10-30-8-37KiSPp4kjs8.jpg,30A63839
AQUA5_08487_checkin_2020-10-29-18-8tgaUFxo10Q.jpg,99A08487
AQUA2_04180_checkin_2020-10-24-8-27mco3wdTq4q.jpg,30A04180
AQUA7_77379_checkin_2020-10-29-22-4Ftq5x7prc9.jpg,30E77379
AQUA5_99844_checkin_2020-10-28-16-0_DOtBlpzel.jpg,30F99844
AQUA4_01418_checkin_2020-10-23-8-34AWfpPOgyfw.jpg,36A01418
AQUA7_07379_checkin_2020-10-19-9-503vtsaeAX3t.jpg,89A07379
AQUA7_29A09586_checkin_2020-10-22-8-20LWdwM56_12.jpg,29A09586
AQUA5_86574_checkin_2020-10-26-9-20yk1souhnpD.jpg,30F786574
AQUA4_82506_checkin_2020-10-29-7-50HoisZF1BAd.jpg,29C82506
AQUA7_95191_checkin_2020-10-27-10-42TNC7YThCI5.jpg,30F95191
AQUA4_03523_checkin_2020-10-25-15-24sBLha486qp.jpg,30F03523
AQUA5_03523_checkin_2020-10-25-14-52Ee7sQnP2al.jpg,30F03523
AQUA2_63563_checkin_2020-10-23-16-26LS3G57RXBq.jpg,30E63563
AQUA5_54827_checkin_2020-10-30-15-56l2ZdCCKZ1l.jpg,30A54827
AQUA7_44580_checkin_2020-11-1-16-540VP8r2KUuK.jpg,30F44580
AQUA4_07758_checkin_2020-10-24-7-15VUd2e5bDOG.jpg,89A07758
AQUA5_09290_checkout_2020-10-22-9-2lUgw_0pUGu.jpg,14A09290
AQUA5_25885_checkin_2020-10-31-22-16CN1h4OpEOn.jpg,29A25885
AQUA2__checkout_2020-10-29-16-30uOCRIrHzA3.jpg,30A23451
AQUA2_0009_checkin_2020-11-2-7-27SzuD50iOif.jpg,56S0009
AQUA2_29814_checkin_2020-10-23-10-15rS2eBVRgJC.jpg,98A29814
AQUA7_47792_checkin_2020-10-26-12-430MXuTnYzjs.jpg,30F47792
AQUA4_13864_checkin_2020-10-25-15-16C5G081f3uV.jpg,89A13864
AQUA4_15530_checkin_2020-10-24-8-22Xc5GuIylth.jpg,89A15530
AQUA4_43912_checkin_2020-10-28-14-29ucnUzK9AcS.jpg,30G43912
AQUA4_7986_checkin_2020-10-24-16-2mK3TUhwszG.jpg,31F7986
AQUA7_70190_checkin_2020-10-31-16-54xMCLq_Nbpl.jpg,30A70190
AQUA7_20141_checkin_2020-10-22-8-46bGcEHkm4yB.jpg,30E02141
AQUA7_20061_checkin_2020-10-19-10-23SOxm0vrkW.jpg,89A20061
AQUA5_51411_checkin_2020-10-27-17-30BKh1HUcv93.jpg,29D51411
AQUA2_13467_checkin_2020-10-29-17-11mb37wFxqsz.jpg,98A13467
AQUA5_22721_checkin_2020-10-26-9-6VPJxHWmhN5.jpg,30G22721
AQUA7_29A 44039_checkoutex_2020-10-24-11-6xMf5zLUJBD.jpg,29A44039
AQUA5_1910_checkout_2020-10-24-7-21NKryqXb9G3.jpg,29V1910
AQUA4_71193_checkin_2020-11-1-16-46SaQDa_pYYv.jpg,30A71103
AQUA2__checkout_2020-10-29-11-370ZV1qTtGsM.jpg,30G03916
AQUA7_09483_checkin_2020-10-26-10-41_NVG83PHWE.jpg,30G09483
AQUA7_13962_checkin_2020-10-27-7-372d7mEkjOYH.jpg,89A13962
AQUA2_29736_checkin_2020-10-25-8-526jV6OFy6GW.jpg,19A29736
AQUA5_1910_checkoutex_2020-10-23-17-21WPGTypzWj9.jpg,29V1910
AQUA7_65900_checkin_2020-11-1-23-17cDAUxnnDua.jpg,30F65900
AQUA5_02474_checkin_2020-10-26-14-51Z4K3gp1b_1.jpg,29D02474
AQUA7_71990_checkin_2020-11-1-10-59_RyT10JuPE.jpg,29A71990
AQUA5_71980_checkin_2020-11-2-10-53423zmc_ngO.jpg,30A71980
AQUA2__checkout_2020-10-29-17-14a6Pr0M407G.jpg,98A13467
AQUA7_NULL_checkin_2020-10-19-9-58edNJa1hMff.jpg,89A07379
AQUA7_43502_checkin_2020-10-29-21-17ucMcgEL5a6.jpg,30E43502
AQUA7_46791_checkin_2020-10-28-19-56AuKvsRmt9O.jpg,29A46791
AQUA4_74905_checkin_2020-10-28-13-13Liafu5cFcc.jpg,30F74905
AQUA4_56695_checkin_2020-11-1-14-3AtzBMVWLxU.jpg,30G56695
AQUA5_90955_checkin_2020-10-31-11-39GrIwxwpXx_.jpg,30E90955
AQUA5_62043_checkin_2020-10-29-10-0GtLNmj9gOe.jpg,30A62043
AQUA5_96308_checkin_2020-10-26-7-53Il4xrDtMMx.jpg,30A96308
AQUA5_38721_checkin_2020-11-1-17-14wnaPJzN78J.jpg,30E38721
AQUA4__checkout_2020-10-26-8-32UOBjJcSFSo.jpg,89A07394
AQUA2__checkout_2020-10-26-8-14XOceGGTJrz.jpg,29A02343
AQUA7_03474_checkin_2020-10-26-18-31yglIizv9Pz.jpg,30G03474
AQUA5_11994_checkin_2020-10-31-15-55pFDFi2AEbj.jpg,30G11994
AQUA2_95280_checkin_2020-10-30-10-30BtMOvYaZJI.jpg,30F95280
AQUA7_30A60434_checkin_2020-10-25-19-512gQoUFJeAl.jpg,30A60434
AQUA7_78286_checkoutex_2020-10-24-7-37M94biu80Qy.jpg,30F78286
AQUA5_1910_checkout_2020-10-24-7-21ts2BumTmV6.jpg,29V1910
AQUA5_10429_checkin_2020-10-28-20-30Epk9yPq2kn.jpg,89A10429
AQUA5_1910_checkout_2020-10-23-17-19AfNpaZLJ0K.jpg,29V1910
AQUA2_14723_checkin_2020-10-25-8-55HAa0S2wZqQ.jpg,89A14723
AQUA7_6295_checkin_2020-11-1-7-35HXG6Y7np4d.jpg,30X6295
AQUA4_71578_checkin_2020-10-22-7-59q8IaONFa9F.jpg,71578
AQUA2_5204_checkin_2020-10-23-15-11wDy3AKRGM4.jpg,30F5204
AQUA5_07555_checkout_2020-10-25-21-179024084J8k.jpg,30F07555
AQUA2_32659_checkin_2020-10-31-10-11PDB2MoqyCe.jpg,30F32659
AQUA7_98A 17339_checkout_2020-10-19-12-112VJOs3NnPd.jpg,89A17339
AQUA7_77408_checkin_2020-10-26-10-21aLdlhc6vdR.jpg,30E77408
AQUA2__checkout_2020-11-1-17-5XW15PC9bBg.jpg,30A26583
AQUA4_26128_checkin_2020-11-1-15-47kFnCiOFAy2.jpg,29A26128
AQUA4_49056_checkin_2020-10-25-15-37TrBmGILxvj.jpg,30F49056
AQUA7_30A 60434_checkout_2020-10-25-19-57NYeamj34wz.jpg,30A60434
AQUA7_10432_checkin_2020-10-28-13-37RpWxQtOtor.jpg,99A10432
AQUA5_80651_checkin_2020-10-29-13-25NcqqbyFPPl.jpg,30F80651
AQUA4_03523_checkin_2020-10-25-15-4GRsFbMrRIs.jpg,30F03523
AQUA4_2H15079_checkin_2020-10-22-13-29qqfjp143Q9.jpg,29H15079
AQUA7_46437_checkin_2020-10-27-19-50xX8Q9rVzaq.jpg,30G46437
AQUA4_02965_checkin_2020-10-31-14-52Ngkc7elxqG.jpg,30A02965
AQUA7_35851_checkout_2020-10-31-9-11NoodReUZ0O.jpg,34A35851
AQUA5_50692_checkin_2020-10-31-20-57DLaosgqFNq.jpg,30E50692
AQUA5_12176_checkin_2020-10-27-9-13MJviIrNPYS.jpg,30E12176
AQUA7_29A37229_checkin_2020-10-26-12-36suW8TinUZF.jpg,29A37229
AQUA5_65227_checkin_2020-10-26-19-32iGbry1XAks.jpg,29C65229
AQUA2_29814_checkin_2020-10-23-10-17hov4TQL7Rx.jpg,98A29814
AQUA5_70256_checkin_2020-10-27-22-14x0Rb31QfdB.jpg,29C70256
AQUA5_67403_checkin_2020-10-30-19-39zjJP7gwFWS.jpg,30F67403
AQUA7_56330_checkout_2020-10-27-10-287k03d56QqF.jpg,30E91177
AQUA4_07758_checkout_2020-10-24-7-16hvRFBRCCrk.jpg,89A07758
AQUA2__checkout_2020-10-26-7-247eXFqPBqYP.jpg,30G37213
AQUA5_85886_checkin_2020-10-31-11-19n9QbqA8kU6.jpg,30E85886
AQUA4_28620_checkin_2020-10-28-13-46zcmvpuwdtU.jpg,30F28620
AQUA7_00275_checkoutex_2020-11-1-21-18LMBHMS7y5G.jpg,29C64038
AQUA5_37A39988_checkin_2020-10-26-19-34iCekDIEjdF.jpg,37A39988
AQUA2_14436_checkin_2020-10-31-10-10eO5j566liB.jpg,88A14436
AQUA5_06932_checkin_2020-10-26-15-38GvsWaM0X2w.jpg,89A06932
AQUA2_26144_checkin_2020-11-2-9-46Vkm78dMNL5.jpg,30A26144
AQUA5_61153_checkin_2020-10-29-19-36jM4eWucUPr.jpg,30A61153
AQUA7_47926_checkin_2020-10-31-9-56Bu5ZAzmTT1.jpg,
AQUA5_31544_checkin_2020-10-28-9-14n4Jc7Gj2H1.jpg,30A31544
AQUA7_68657_checkin_2020-10-28-11-42wbmH7lL86Y.jpg,30E68657
AQUA7__checkout_2020-11-2-9-6J9V3FoMsc_.jpg,89A10868
AQUA5_54659_checkin_2020-10-31-17-8k0NXDSX42M.jpg,30F54659
AQUA2_60432_checkin_2020-11-2-9-51Rx2KnII3af.jpg,29A60432
AQUA7_78907_checkin_2020-10-29-21-38Forloaoc3g.jpg,30F78907
AQUA7_55695_checkin_2020-11-1-16-338YvhqV67Zl.jpg,30A55695
AQUA7_05207_checkin_2020-11-1-8-34LwQmlfcFqz.jpg,30E05207
AQUA7_51624_checkout_2020-11-1-15-12Xt4_q1pjNw.jpg,30G51624
AQUA5_37544_checkin_2020-10-29-16-31RhIJ_SLPTa.jpg,37C37544
AQUA7_98A17339_checkin_2020-10-19-12-10cUK6OHeUFG.jpg,98A17339
AQUA2_61153_checkin_2020-11-1-8-33cFensNOshu.jpg,30A61153
AQUA5_20049_checkin_2020-11-1-13-23A10qSZkzWz.jpg,30F20049
AQUA7_32245_checkin_2020-10-26-10-12WP3fTSw3j9.jpg,30F32245
AQUA5_58858_checkin_2020-10-28-13-7NHY3Nox3rS.jpg,30G58858
AQUA7_89A07379_checkin_2020-10-19-9-521ib3jDc4nz.jpg,89A07379
AQUA2_37619_checkin_2020-11-2-9-24POT7I2lv36.jpg,30A37519
AQUA2_32659_checkin_2020-10-31-10-12GBl8McNMto.jpg,30F32659
AQUA2_33254_checkin_2020-11-2-14-18xxjV6laalP.jpg,99A33254
AQUA5_13028_checkin_2020-10-31-15-1635f4Ut7yNl.jpg,0E13028
AQUA7_44482_checkoutex_2020-11-1-15-56TjIcAbV7Q6.jpg,
AQUA5_01799_checkin_2020-10-23-17-14pdD8jVvzl8.jpg,29D01799
AQUA7_0 0 7 5 7_checkout_2020-10-24-11-19C_yvfx_7rZ.jpg,89A07379
AQUA4_10428_checkin_2020-10-31-16-54k2LxYCbcvY.jpg,30G10428
AQUA5_36715_checkin_2020-10-31-14-6UEejdJqBH3.jpg,30G36715
AQUA4_35217_checkin_2020-11-1-14-9CeBldlFtG3.jpg,30G35217
AQUA4__checkout_2020-10-25-16-18mzgV4oVQPS.jpg,15A06596
AQUA4_19599_checkin_2020-10-24-8-51CWS0TxwCRt.jpg,89C19599
AQUA7_96416_checkin_2020-10-26-12-39HnFWXE6QO5.jpg,30E96416
AQUA7__checkout_2020-10-25-12-29Q6KjC42bgF.jpg,30G40304
AQUA2_59464_checkin_2020-11-1-10-43zPJqQFpGHB.jpg,30A59464
AQUA7__checkout_2020-11-2-13-29WhW6tuteYi.jpg,30F25697
AQUA7_60513_checkin_2020-10-27-0-00PbtlaRGty.jpg,29A60513
AQUA5_08084_checkin_2020-10-30-9-39K_hUv2cMlb.jpg,89A08084
AQUA5__checkout_2020-10-30-21-50p0LcSYbbI9.jpg,89G03916
AQUA7_40304_checkin_2020-10-25-12-30ifR_lKoLv9.jpg,30G40304
AQUA5_null_checkoutex_2020-10-23-9-27dqNUAJEpmW.jpg,30M4253
AQUA5_29879_checkin_2020-10-31-12-10LaX4GXNTuE.jpg,20A29879
AQUA5_76935_checkin_2020-10-27-2-20f3XVBdYX0h.jpg,30F76935
AQUA5_58236_checkin_2020-11-1-21-2L6wtDx3c6K.jpg,30G58236
AQUA1_25697_checkin_2020-10-23-8-53U3VaS26nFf.jpg,30F25697
AQUA7_05197_checkin_2020-11-2-14-59Ut4BCTfwOj.jpg,30A05197
AQUA2_25808_checkin_2020-11-1-13-86vj6kI0aXD.jpg,29A25808
AQUA7_40304_checkin_2020-10-25-12-292rEgI5p4B8.jpg,30G40304
AQUA5_19903_checkin_2020-10-31-12-1PFABJLaqbt.jpg,30E19903
AQUA5_19752_checkin_2020-10-29-17-45RycEtbbVj3.jpg,30E19752
AQUA7_50167_checkout_2020-10-26-9-9YZG7L9o9TD.jpg,30F50167
AQUA5_29C 65227_checkout_2020-10-26-22-0KR6AOiBqqq.jpg,29C65227
AQUA7_19815_checkin_2020-10-27-13-459OfXOy5f40.jpg,30E19815
AQUA7_12891_checkin_2020-10-30-15-49dCkZCu146w.jpg,29H12891
AQUA5_07555_checkin_2020-10-25-21-16hzYHsFDrQh.jpg,30F07555
AQUA5_1910_checkoutex_2020-10-24-7-24Scf7MRlSTO.jpg,29V1910
AQUA7_30F88013_checkin_2020-10-22-8-37us9ZtpHbrG.jpg,30F88013
AQUA2_5204_checkin_2020-10-23-9-481sttoguEih.jpg,30F5204
AQUA2_44101_checkin_2020-10-27-11-8VEQvs8aep_.jpg,30F44101
AQUA7_46791_checkoutex_2020-10-29-6-32MAVJ9HnoO7.jpg,29A46791
AQUA2_21413_checkin_2020-10-25-8-54e_lzk2DbBb.jpg,89A21413
AQUA7_20784_checkin_2020-11-1-15-54V7qhZNYbg5.jpg,30F20784
AQUA7_03947_checkin_2020-10-25-14-51ho4opC1RSl.jpg,30G03947
AQUA2_52911_checkin_2020-11-2-15-373ysYKQN3or.jpg,51G52911
AQUA4_46189_checkin_2020-10-27-17-14NfaaooJvgN.jpg,30F46189
AQUA7_99A27405_checkin_2020-10-28-14-393rHOQhDOMz.jpg,99A27405
AQUA5_03916_checkin_2020-10-30-21-25oMyS7Vd7H7.jpg,80G03916
AQUA4_46748_checkin_2020-10-31-8-37nBtP_h4XNk.jpg,30A46748
AQUA2_8657_checkin_2020-11-1-12-24WfGNnu5EKj.jpg,30Z8657
AQUA4_25649_checkin_2020-10-25-14-475C5NOWHJeM.jpg,36A25649
AQUA2_5204_checkin_2020-10-23-9-57K2Q1LbAOHn.jpg,30F5204
AEONTP_5026788_checkin_2020-1-13-16-19_f7zXETONv.jpg,50Z6788
AQUA5_4253_checkin_2020-10-28-10-12mWC2zHNybK.jpg,30M4253
AQUA2__checkout_2020-10-29-9-24WV2h5A6OW1.jpg,99A08929
AQUA7_71583_checkin_2020-10-27-14-53dHw0PU2f5_.jpg,30E71583
AQUA5_12997_checkin_2020-10-29-9-56cPVki3ADPv.jpg,29H12997
AQUA5_11292_checkout_2020-10-27-23-54LsEerCy9H9.jpg,30F11292
AQUA7_91177_checkin_2020-10-27-9-51IC0IB7Un_5.jpg,30E91177
AQUA2_58226_checkin_2020-10-29-16-995IamtFWvF.jpg,30E58226
AQUA4_05080_checkin_2020-10-27-10-38emKqeKy71E.jpg,29A05080
AQUA7_78286_checkout_2020-10-24-7-32zfVFCaPlAM.jpg,30F78286
AQUA5_09566_checkin_2020-10-22-8-36zhkfoto7iM.jpg,29D09566
AQUA2_43755_checkin_2020-11-2-17-27IalkbuJUZk.jpg,30G43755
AQUA2_43755_checkoutex_2020-11-2-17-30KvCrSs6Gyt.jpg,30G43755
AQUA7_78286_checkin_2020-10-24-7-31j8u4yny31G.jpg,30F78286
AQUA7_null_checkout_2020-10-19-9-52024MDvOIjq.jpg,89A07379
AQUA5_17543_checkin_2020-10-31-10-55Ah6480qxDs.jpg,29A17543
AQUA4_01418_checkin_2020-10-22-13-28x1xGZQit5B.jpg,36A01418
AQUA5_90540_checkin_2020-10-27-13-98_9T8MGcrv.jpg,30F90540
AQUA4_13864_checkin_2020-10-25-15-7SQ_vlSpsdJ.jpg,89A13864
AQUA7_45447_checkin_2020-10-27-13-54sSzqBXPSlm.jpg,29H35447
AQUA7_00546_checkin_2020-10-26-21-28Fpw2f3Z97C.jpg,89LD00546
AQUA7_71990_checkout_2020-11-1-11-16E3vX5tdqcD.jpg,30F72928
AQUA5_08722_checkin_2020-11-2-11-26sD4MuyWvqX.jpg,29D08722
AQUA2_41171_checkin_2020-10-31-9-4y3gB6pHxEl.jpg,30G41171
AQUA5_99340_checkin_2020-10-30-15-374gnp1xdWlN.jpg,29C99340
AQUA5_37260_checkin_2020-10-28-9-55yNCeMFYnS_.jpg,29H37260
AQUA2_26144_checkin_2020-10-31-8-5u1pv5k3X7a.jpg,30A26144
AQUA4_70192_checkin_2020-10-31-16-10GYHXSX2wuM.jpg,30F70192
AQUA7_50167_checkin_2020-10-26-9-6KPOMzQxODP.jpg,30F50167
AQUA5_47837_checkin_2020-10-26-19-28hWJeeon_Zt.jpg,30A47837
AQUA7_61011_checkin_2020-10-28-14-43iV_myaofSZ.jpg,30E61011
AQUA2_5204_checkin_2020-10-23-9-45JDdtkE1oWz.jpg,30F5204
AQUA4_42050_checkin_2020-10-28-9-37tL6xHo5DZu.jpg,29A42050
AQUA5_36253_checkin_2020-11-2-9-57WMyEigYyem.jpg,30F36253
AQUA7_97974_checkin_2020-10-31-22-7BdoQs_fulx.jpg,30E97974
AQUA5_22254_checkin_2020-10-26-19-18qbm3nlt291.jpg,30F22254
AQUA2__checkout_2020-10-28-18-24quNv9CBUlr.jpg,30F50483
AQUA5_04104_checkin_2020-10-26-8-3n4i8wrw8fo.jpg,36A04104
AQUA2_66122_checkin_2020-10-22-10-46rB6VbquCNG.jpg,30E66122
AQUA2_93591_checkin_2020-10-25-8-46pMROslbI8g.jpg,30F93591
AQUA2_15637_checkin_2020-11-2-14-60nmBvLlHjZ.jpg,89C15637
AQUA5_15973_checkin_2020-11-2-17-23WPdeV2mqvr.jpg,89A15973
AQUA5_21592_checkin_2020-10-30-11-50GQNW1K_jgV.jpg,30G21592
AQUA5_57599_checkin_2020-10-26-17-26689cHIYA08.jpg,30A57599
AQUA5_94376_checkin_2020-10-26-14-33DUegNT_QI1.jpg,30F94376
AQUA4_36456_checkin_2020-10-31-9-45EKE88sU3EJ.jpg,99A36456
AQUA5_null_checkoutex_2020-10-23-9-47TEvivD0fSp.jpg,29D09566
AQUA7_80744_checkin_2020-10-26-14-54dqRyEOofRo.jpg,30A80744
AQUA4__checkout_2020-10-23-17-7sO6kKUeoBO.jpg,30A26144
AQUA5__checkout_2020-11-2-17-31yie4TyXgdr.jpg,89A15973
AQUA7_51272_checkin_2020-10-26-7-40ItdCI0m8k9.jpg,30F51272
AQUA7_78287_checkoutex_2020-10-24-9-449wyKFhUckx.jpg,29H38452
AQUA2_8692_checkin_2020-10-25-8-52Pgbjbqh41y.jpg,30V8692
AQUA4_07758_checkin_2020-11-1-12-55N3MWmusol_.jpg,89A07758
AQUA1_68251_checkin_2020-10-23-9-41C6fwkFl2VE.jpg,30A68251
AQUA5_90230_checkin_2020-10-31-8-0tWaizksrK3.jpg,30F90230
AQUA2_46885_checkin_2020-10-26-9-40UkOmDeEUL2.jpg,30G46885
AQUA2_97701_checkin_2020-10-28-10-31H0LcKWiAgk.jpg,29A97701
AQUA5_98846_checkin_2020-11-1-10-21m_cOOMMylS.jpg,30A98846
AQUA5_19752_checkin_2020-10-31-14-28RlnGB0bHIG.jpg,30E19752
AQUA5_1910_checkout_2020-10-23-17-18VGFfxzTfbP.jpg,
AQUA5_27580_checkout_2020-10-23-17-39BqaHc6U1SV.jpg,30F27580
AQUA5_05820_checkin_2020-10-25-19-32bD4xMlAsnO.jpg,89A05820
AQUA4_01418_checkin_2020-10-23-8-30V_A_uWFhhN.jpg,36A01418
AQUA5_29328_checkin_2020-10-27-17-28okBxZYJ4ms.jpg,30E29328
AQUA7_07379_checkout_2020-10-19-10-0Fu8nK7A9ao.jpg,89A07379
AQUA2_32951_checkin_2020-10-26-11-25cZrz0l8d2U.jpg,30F32951
AQUA7_44482_checkin_2020-11-1-12-50ddLkUmOC4r.jpg,30A44482
AQUA5_76226_checkin_2020-10-31-11-37WrRixnFDLx.jpg,30E76226
AQUA5_15939_checkin_2020-10-27-11-9VuJYURZvSX.jpg,89A15939
AQUA4_71103_checkin_2020-10-31-13-56naC25OZ1Ow.jpg,30A71103
AQUA4_42050_checkin_2020-10-29-7-51896EW1GGEv.jpg,29A42050
AQUA2_46511_checkin_2020-10-19-9-5316TJMlxS_w.jpg,29A46511
AQUA5_43843_checkin_2020-11-1-15-29peQyULdDpH.jpg,30E43843
AQUA7__checkout_2020-11-2-13-28WN7I3oqNuW.jpg,30F25697
AQUA5_NULL_checkin_2020-10-27-5-58cuTTdVNjPa.jpg,30E71224
AQUA5_25074_checkin_2020-11-1-11-48YO4j7q9E_V.jpg,14A25074
AQUA4_32802_checkin_2020-10-22-8-14n6axlmCzxv.jpg,98A32802
AQUA5_03560_checkin_2020-11-1-16-6LE4YTat7Aw.jpg,29H03560
AQUA5_25795_checkin_2020-10-27-22-131NWEKs8wU8.jpg,30G25794
AQUA7_99015_checkin_2020-11-1-12-29kRe7c09_eC.jpg,30F99015
AQUA7_90257_checkin_2020-11-1-10-53QOGuXQRFS_.jpg,30E90257
AQUA2_04180_checkin_2020-11-2-7-21BPppqJjYMv.jpg,30A04180
AQUA4_91149_checkin_2020-10-31-12-47RAXknFEHSI.jpg,30F91149
AQUA5_06618_checkin_2020-10-31-17-12C1i7ipZUry.jpg,30F06618
AQUA5_85886_checkin_2020-10-31-11-16aQT540bLqS.jpg,30E85886
AQUA5_7921_checkin_2020-10-31-15-58J89JEcn9bE.jpg,30V7921
AQUA7_25697_checkin_2020-10-28-22-10wZAxFNmgpz.jpg,30F25697
AQUA7_33949_checkin_2020-10-26-11-31wZSs6OSt4_.jpg,30A33949
AQUA5_2639_checkin_2020-10-31-14-55ssli5tWQfP.jpg,30S2639
AQUA5_27580_checkin_2020-10-23-17-13R_qkStKRND.jpg,30F27580
AQUA4_48917_checkin_2020-10-26-17-3809eHbgHDmv.jpg,30G48917
AQUA5_10819_checkin_2020-10-29-10-30qHBkvZqIC_.jpg,35A10819
AQUA7_70190_checkin_2020-10-31-16-53nAHtEXVJkt.jpg,30A70190
AQUA1_33928_checkin_2020-10-23-8-51ICUxEIQDLw.jpg,29A33928
AQUA7_07379_checkin_2020-10-19-9-59plW1JE_N3h.jpg,89A07379
AQUA7_47662_checkout_2020-10-26-20-24zcUfNLISqg.jpg,662
AQUA2__checkout_2020-11-2-15-4TB3R4qX21j.jpg,30G31553
AQUA2__checkout_2020-11-1-9-57A5LipEKr1u.jpg,89A15961
AQUA5_4243_checkin_2020-11-1-10-25jvMkQhvXAf.jpg,30X4243
AQUA4_10432_checkin_2020-10-27-15-21hSHkdWbbti.jpg,99A10432
AQUA1_86034_checkin_2020-10-23-10-18j2Kr8odsYP.jpg,30F86034
AQUA7_09586_checkin_2020-10-22-8-13q85uHTULAf.jpg,29A09586
AQUA7_70924_checkin_2020-10-26-22-56e54RRM17m6.jpg,30F70924
AQUA4_25649_checkin_2020-10-25-14-43VqoQev94yx.jpg,36A25649
AQUA4_42050_checkin_2020-10-31-14-19TW8Z0JBQ2h.jpg,29A42050
AQUA4_39814_checkin_2020-11-1-14-7rwat0Zh5Gb.jpg,30E39814
AQUA2_23136_checkin_2020-10-31-13-25UWVHm9qlQk.jpg,29A23136
AQUA5_1910_checkin_2020-10-23-17-22xrrE3g4ohC.jpg,29V1910
AQUA7_25697_checkin_2020-10-28-12-32gtgRF0NXim.jpg,30F25697
AQUA2_33254_checkin_2020-11-2-14-171KCA8igSZ9.jpg,99A33254
AQUA2__checkout_2020-10-27-11-15b_P3z2SHnw.jpg,30F44101
AQUA1_43502_checkin_2020-10-23-8-17ifoUU8ftDr.jpg,30E43502
AQUA4_09257_checkin_2020-10-25-14-30i1DNDLdoMZ.jpg,30A92957
AQUA7_38452_checkoutex_2020-10-24-9-56bCvjjFKTky.jpg,30G46437
AQUA4_1866_checkin_2020-10-28-18-162nxKGNxl2S.jpg,19N1866
AQUA4_92840_checkin_2020-10-31-13-22Mso04uDf58.jpg,30F92840
AQUA5_36A04104_checkoutex_2020-10-26-7-36kcK9Unm0s3.jpg,36A04104
AQUA4_77397_checkin_2020-10-23-8-390PQG_ymP23.jpg,36A01418
AQUA4_65939_checkin_2020-10-26-8-5BF5cy4t146.jpg,30F65939
AQUA7_52456_checkin_2020-10-30-15-10KU769ubdPP.jpg,30F52456
AQUA4_92450_checkin_2020-10-27-14-36GxPqWq9PQ9.jpg,30A92450
AQUA5_0064_checkin_2020-10-23-15-1578RGxXSSoA.jpg,26A00164
AQUA4_01418_checkin_2020-10-23-8-21dzTuWFnvMT.jpg,36A01418
AQUA5_20640_checkin_2020-10-31-13-59CdcOV1rD6Y.jpg,30E30640
AQUA2_62107_checkin_2020-10-29-9-30L2ccQPcf_V.jpg,30G62107
AQUA5_48483_checkin_2020-10-30-19-29hO3ksp53sf.jpg,30A48483
AQUA5__checkout_2020-11-2-11-11vmGQ_Qhc8h.jpg,30A71980
AQUA2_5204_checkin_2020-10-23-9-40RJUZvyaTEj.jpg,30F5204
AQUA7_51443_checkin_2020-10-22-9-49NpDKn8SFVx.jpg,30F51443
AQUA4_25649_checkin_2020-10-25-14-48O4sqvOndJt.jpg,36A25649
AQUA4_34588_checkin_2020-10-25-15-57_T7Z9yQEni.jpg,30A34588
AQUA7_20890_checkin_2020-10-26-9-59cGpZeDmZRT.jpg,30A20890
AQUA7_59810_checkin_2020-10-29-11-240cs48BBlZA.jpg,30G59810
AQUA5_25495_checkin_2020-10-27-7-7raNEheXCZX.jpg,30G25495
AQUA2_04180_checkin_2020-10-24-8-29xXod6kYSXz.jpg,30A04180
AQUA7_57808_checkin_2020-10-24-11-15pF2C6xIVhz.jpg,30F57808
AQUA1_46294_checkin_2020-10-23-8-19UnQ54DsL8f.jpg,29A46294
AQUA5_null_checkoutex_2020-10-19-10-17lStINkXVm0.jpg,30M4253
AQUA7_51443_checkin_2020-10-22-9-46VvCmCi2JUY.jpg,30F51443
AQUA5__checkout_2020-10-31-19-40ewY74bCVXt.jpg,30E19752
AQUA2_56801_checkin_2020-11-1-9-58l1HDMQie_q.jpg,30G56801
AQUA2_68947_checkin_2020-10-27-14-34Tl08YAwQ2E.jpg,30F68947
AQUA7_91177_checkin_2020-10-29-13-425U6b6MFEoN.jpg,30E91177
AQUA2_15717_checkin_2020-10-26-9-194Wqra7pkPI.jpg,89A15717
AQUA5_26144_checkin_2020-10-23-17-140HcLE8JWTi.jpg,30A26144
AQUA5_11292_checkin_2020-10-27-21-13FX_QefRG8U.jpg,30F11292
AQUA7_21950_checkin_2020-11-1-9-5puwClWncST.jpg,30F21950
AQUA5_63785_checkin_2020-10-29-12-20Hyanlsrbul.jpg,30E63785
AQUA7_17339_checkin_2020-10-31-16-45w2SUMLISon.jpg,98A17339
AQUA2_9986_checkin_2020-10-31-10-466RGaQRMDJW.jpg,29Z9986
AQUA5_47005_checkin_2020-10-27-10-47UNG0sr7ePh.jpg,30A47005
AQUA5_4253_checkin_2020-10-19-10-15xqmboLUNp4.jpg,30M4253
AQUA5_4253_checkin_2020-10-27-10-41aPS_uwLE_E.jpg,30M4253
AQUA4_02866_checkin_2020-11-2-14-47Yg1UbdErYZ.jpg,30G01866
AQUA2_04914_checkin_2020-11-1-15-59tA_LNjYPcp.jpg,30E04914
AQUA7_08824_checkin_2020-10-22-8-9FYNg17vJCt.jpg,89A08824
AQUA7_46437_checkin_2020-10-24-10-45rDh0FaGsbL.jpg,30G46437
AQUA7_08487_checkin_2020-10-27-19-48h1S71aYymP.jpg,99A08487
AQUA5_93815_checkin_2020-10-30-13-15wghOmATK1J.jpg,30E93815
AQUA5_04104_checkin_2020-10-30-19-45cZXdGPuSg_.jpg,36A04104
AQUA2_05857_checkin_2020-10-31-7-382Ogqk0lkBj.jpg,30A05857
AQUA5_61462_checkin_2020-10-25-11-42t2X9g9JxVp.jpg,30G61462
AQUA7_74491_checkin_2020-10-28-14-479Lb8vcyAmy.jpg,30A74491
AQUA5_58236_checkin_2020-10-26-9-19V0UcXa3ozL.jpg,30G58236
AQUA5_13028_checkin_2020-11-1-18-3NXGW1tL5Zr.jpg,30E13028
AQUA2_26583_checkin_2020-11-1-17-4r5rEg9RMuu.jpg,30A26583
AQUA5_92839_checkin_2020-11-2-17-42yuhmNLJNBU.jpg,29A92839
AQUA2__checkout_2020-10-29-9-5CSoAYDMVdZ.jpg,56S0009
AQUA4_88459_checkin_2020-10-29-10-33Z72DjnFCRi.jpg,30A88459
AQUA7_60434_checkin_2020-10-25-19-56QP276ZPEVM.jpg,30A60434
AQUA7_68783_checkin_2020-11-1-13-40ww85ttaNPw.jpg,30A68783
AQUA4_32598_checkin_2020-10-26-7-33cy8p9abOJm.jpg,30F32598
AQUA2_5204_checkin_2020-10-23-9-42HT_8n356q8.jpg,30F5204
AQUA5_06737_checkin_2020-10-30-9-14LqNaJg4rvN.jpg,29H06737
AQUA4_01771_checkin_2020-10-26-18-31xoumolnhXC.jpg,29A01771
AQUA4__checkout_2020-10-25-15-57cEnGnrl6nA.jpg,30A34588
AQUA4_71578_checkin_2020-10-22-7-49m5cRhq5vBO.jpg,30F71578
AQUA5_54515_checkin_2020-11-1-8-44NI9qx9m01e.jpg,30E54515
AQUA2_97701_checkin_2020-10-27-11-30SGrEwo1aPT.jpg,29A97701
AQUA5_08564_checkin_2020-11-1-11-458jqC7Ilszg.jpg,19A08564
AQUA4__checkout_2020-10-29-15-34mORAVKOYQ7.jpg,89A20664
AQUA5_32857_checkin_2020-10-28-20-25Co0mDk00rn.jpg,30A32867
AQUA5_29359_checkin_2020-10-26-21-20QnTTdeyg6O.jpg,29A29359
AQUA5_1910_checkin_2020-10-23-17-1579Wx2EKmNG.jpg,29V1910
AQUA4_15530_checkin_2020-10-24-8-22RwDtfOGqtE.jpg,89A15530
AQUA5_66122_checkin_2020-10-27-9-16yNuZjUww1B.jpg,30E66122
AQUA2_31697_checkin_2020-10-27-10-24Icun84yGPC.jpg,30G31697
AQUA5_09290_checkin_2020-10-22-9-1fILrukU6Cv.jpg,14A09290
AQUA5_1910_checkout_2020-10-24-7-19D8HU9WffAw.jpg,29V1910
AQUA5_09566_checkin_2020-10-22-8-33NAlxrsOFbH.jpg,29D09566
AQUA5_25885_checkin_2020-11-2-11-46HrySzOUvni.jpg,29A25885
AQUA1_71165_checkin_2020-10-23-9-38guv8BWEboV.jpg,30F71165
AQUA2_5204_checkin_2020-10-23-9-51moGM7azDqX.jpg,30F5204
AQUA5_08060_checkin_2020-10-26-20-50RnyPGaFTrj.jpg,12A08060
AQUA2_05685_checkin_2020-10-26-15-31iYBCmaQio4.jpg,29D05685
AQUA5_70442_checkin_2020-10-27-9-20SLvpjBf9TB.jpg,70442
AQUA2_46511_checkin_2020-10-19-9-47w2n9j4MXCu.jpg,29A46511
AQUA2_85437_checkin_2020-10-31-12-47nN35oLnza3.jpg,29A85437
AQUA4_HIXON_checkin_2020-10-22-13-300E3GVjWjCX.jpg,88D00328
AQUA7_64038_checkin_2020-11-1-21-15v8WGwbm9Fn.jpg,29C64038
AQUA4_10317_checkin_2020-10-26-10-45niWUEbEaIt.jpg,30F10317
AQUA5_22596_checkin_2020-10-29-8-44uWRmtuXKNg.jpg,34C22496
AQUA1_17054_checkin_2020-10-23-10-17jwhBJ7kzC_.jpg,29H17054
AQUA5_73520_checkin_2020-11-1-9-47E1WzjZ4euc.jpg,29A73570
AQUA5_49052_checkin_2020-10-26-11-3vvfrF5LNHw.jpg,36A49052
AQUA7_32510_checkin_2020-10-27-11-56pdaprv3W5U.jpg,29A32510
AQUA5_09566_checkin_2020-10-22-9-5e_Jfk32ZCn.jpg,29D09566
AQUA2_18976_checkin_2020-10-29-13-57uaOYxAfF1x.jpg,30F18976
AQUA7_66684_checkin_2020-10-27-9-280mCxNKwpBc.jpg,30E66684
AQUA7_98131_checkin_2020-10-28-10-4176MZYPMvfp.jpg,30E98131
AQUA2_15961_checkin_2020-11-1-9-40kNGwmy7tkz.jpg,89A15961
AQUA5_57599_checkoutex_2020-10-28-23-37b9P8p30Lak.jpg,30A57599
AQUA4_71578_checkin_2020-10-22-7-47wRGYt_7QP0.jpg,30F71578
AQUA2_05685_checkin_2020-10-26-15-31jdKskibM8n.jpg,29D05685
AQUA5_36078_checkin_2020-10-31-16-23aKIdU3HsLs.jpg,20A36078
AQUA4_21596_checkin_2020-10-26-15-18PmBEyHSFm8.jpg,29D21596
AQUA4_89685_checkin_2020-10-28-8-45jGRCaX2vG1.jpg,30A89685
AQUA4_70442_checkin_2020-10-27-9-53kKdoa__4Vk.jpg,30F70442
AQUA4_070762_checkin_2020-10-26-9-20UTiCiOvtu9.jpg,29H07062
AQUA5_58236_checkin_2020-10-31-16-756F6LQrF7J.jpg,30G58236
AQUA5_83605_checkin_2020-10-28-16-13aW8wovNkp8.jpg,30F83605
AQUA5_1910_checkout_2020-10-23-17-23McONDta5no.jpg,29V1910
AQUA5_86404_checkin_2020-10-26-20-24DlkuaubZpw.jpg,30F86404
AQUA5_75531_checkin_2020-10-30-20-9bNSoFT6Nto.jpg,30E75531
AQUA5_66266_checkoutex_2020-10-26-13-296niXCvE7pq.jpg,30E66266
AQUA5_32867_checkin_2020-10-27-2-14JWtFkPyIN8.jpg,30A32867
AQUA4__checkout_2020-10-23-8-21vq8Xb911PT.jpg,36A01418
AQUA5_07555_checkout_2020-10-25-19-41a85WGIwVMj.jpg,30F07555
AQUA5_09566_checkin_2020-10-22-8-44IP7YxmpunS.jpg,29D09566
AQUA2_90296_checkin_2020-10-28-17-35tB5xFLSOBz.jpg,30A90296
AQUA5_46319_checkin_2020-11-2-12-3YELGFX0L9e.jpg,29A46319
AQUA5_16380_checkout_2020-10-25-19-30aiU4DDpbfB.jpg,30G16380
AQUA4_74338_checkin_2020-11-1-9-30nr6jL8uC5z.jpg,30F74338
AQUA4_60123_checkin_2020-10-29-11-26f6629Si2RI.jpg,30E60123
AQUA7_91177_checkin_2020-10-29-13-6OyGuWtJecr.jpg,30E91177
AQUA7_00275_checkin_2020-10-29-22-186OArjVXlHe.jpg,89LD00275
AQUA2_07826_checkin_2020-10-26-9-28F_iHuI8_8Q.jpg,18A07826
AQUA4_69919_checkin_2020-10-22-16-12UZK6rRePEp.jpg,30A69919
AQUA5_29442_checkin_2020-10-27-15-16EdlP6dFrxL.jpg,29A29441
AQUA2_28131_checkin_2020-10-29-10-29hsHOlwhAON.jpg,30E28131
AQUA5_67789_checkin_2020-10-29-14-49hI42itdb5z.jpg,29C67798
AQUA4_49536_checkin_2020-10-27-8-2d8PfskBA_m.jpg,30E49536
AQUA5_34411_checkin_2020-10-31-15-59cqZpzKqsWe.jpg,30E34411
AQUA2_81060_checkin_2020-11-1-11-35FaXUys4zh9.jpg,30F81060
AQUA5_31825_checkin_2020-10-25-7-32otjg00AjAu.jpg,34A31825
AQUA4_07758_checkin_2020-10-24-7-156iItPFth45.jpg,89A07758
AQUA7_09290_checkin_2020-10-27-13-5770_MSYd7ls.jpg,14A09290
AQUA2_49689_checkin_2020-11-1-12-11_sZ1ewCV1R.jpg,30A49689
AQUA5_33531_checkin_2020-10-29-10-44Ng2PzpoR3U.jpg,30G33531
AQUA5_32080_checkin_2020-10-28-8-20LhQ_gohBNq.jpg,30F32080
AQUA2_85806_checkin_2020-10-29-13-16lYbcfLONB1.jpg,30F85806
AQUA4_11155_checkin_2020-10-31-16-44vhZZgCVCee.jpg,30G11155
AQUA5_16380_checkin_2020-10-25-19-28lIIJsBLtYq.jpg,30G16380
AQUA5_32294_checkin_2020-10-28-14-1kH2X5hQG6s.jpg,99A32294
AQUA7_33928_checkout_2020-10-28-6-5zGHhNCcA7e.jpg,29A33928
AQUA5_12433_checkout_2020-10-28-20-54rBsUFzm0KS.jpg,89A12433
AQUA5_19643_checkoutex_2020-11-2-5-42yJkQ11hblX.jpg,30F19643
AEONTP_6A00530_checkin_2020-1-13-16-16i7h_Z3Ua0Y.jpg,51A00530
AQUA4_84922_checkin_2020-11-1-14-34aOPgrUOfYp.jpg,F84022
AQUA7_10341_checkin_2020-10-22-8-13Jzwuyy0Gim.jpg,89A10341
AQUA5_15207_checkin_2020-11-1-10-55sMmjTIt3Jd.jpg,29H15207
AQUA4_82506_checkout_2020-10-24-7-53C7QrZaRNbR.jpg,29C82506
AQUA7_10432_checkin_2020-10-26-13-53XLGPUaLRke.jpg,99A10432
AQUA7_78286_checkoutex_2020-10-24-7-35_t4_Sdhb7B.jpg,30F78286
AQUA5_38721_checkin_2020-11-1-19-48UeLYci8v1H.jpg,30E38721
AQUA5_55031_checkin_2020-11-1-20-49xACZN6Mmth.jpg,30G55031
AQUA5_19640_checkin_2020-10-27-10-59I8oPbysTda.jpg,89A19640
AQUA5_64379_checkin_2020-10-29-18-15bmOq78F4g9.jpg,30E64379
AQUA7_70266_checkin_2020-10-31-14-19qMJ5dqWm24.jpg,30E72066
AQUA5_36A04104_checkin_2020-10-26-7-36IUGGGAc99_.jpg,36A04104
AQUA5_63699_checkin_2020-10-31-13-448kcZb7dxtP.jpg,30E63699
AQUA2_31553_checkin_2020-11-2-14-45U4k9PB_334.jpg,30G31553
AQUA2__checkout_2020-10-26-8-48B9aLRyJw5I.jpg,90A07718
AQUA7_38452_checkin_2020-10-24-9-52rxx5J_opiD.jpg,29H38452
AQUA7_36815_checkin_2020-10-31-19-499V9LiLLTS_.jpg,29A36815
AQUA4_03336_checkin_2020-10-26-8-35bA7bzcTDJ3.jpg,88A03336
AQUA4_34588_checkin_2020-10-25-14-50R4R3QfK3W8.jpg,30A34588
AQUA7_89A07379_checkin_2020-10-19-12-11cPQPwTOd90.jpg,89A07379
AQUA4_19535_checkin_2020-10-28-12-36EgckERbky0.jpg,24A15935
AQUA5__checkout_2020-11-1-21-26962nswP3sK.jpg,30G58236
AQUA4_59068_checkin_2020-10-30-15-13_Ia6JRSjwK.jpg,30G59068
AQUA5_15939_checkin_2020-10-26-9-27ZotXxqtZQt.jpg,89A15939
AQUA1_58236_checkin_2020-10-23-10-27jaFmTKRSGG.jpg,30G58236
AQUA5_19643_checkin_2020-11-1-20-57OzU4JBoB8.jpg,30F19643
AQUA2_63563_checkout_2020-10-23-15-49zijysTn1Pd.jpg,30E63563
AQUA2_29C80581_checkin_2020-11-2-16-48xYZYW2rma8.jpg,29C80581
AQUA5_66073_checkin_2020-10-31-11-7h9Br6THXba.jpg,29C66073
AQUA5_76809_checkin_2020-10-31-19-50z7Xo_P4hky.jpg,30F76809
AQUA4_04999_checkin_2020-10-25-15-510k68m6L0hM.jpg,29A04999
AQUA4_15292_checkin_2020-11-1-15-43SRPUvqHBqy.jpg,30F15292
AQUA7_80744_checkin_2020-10-26-12-238iu2MU97OU.jpg,30A80744
AQUA4_19599_checkin_2020-10-24-8-49JeWlNV39Wh.jpg,89C19599
AQUA4_25649_checkin_2020-10-26-16-21FP4mN2pDW_.jpg,36A25649
AQUA2_46511_checkin_2020-10-19-9-40pL7M5j7qr1.jpg,29A46511
